Epoch,Train Loss,Train Acc,Train Precision,Train Recall,Train F1,Train Macro F1,Val Loss,Val Acc,Val Precision,Val Recall,Val F1,Val Macro F1
1,0.5474441081811582,0.8561786085150571,0.852726250702642,0.9902088772845953,0.9163394744790093,0.7021623435241627,0.5184369250620005,0.8672985781990521,0.8517520215633423,0.9968454258675079,0.9186046511627907,0.19924098671726756
2,0.2352372883574366,0.9501557632398754,0.9668400520156046,0.970626631853786,0.968729641693811,0.9229837466781076,0.4084620767436321,0.9075829383886256,0.976027397260274,0.8990536277602523,0.9359605911330049,0.19924098671726756
3,0.13483230705225022,0.9766355140186916,0.9869024230517355,0.9836814621409922,0.985289310232102,0.9642713890378669,0.21619969903010328,0.9597156398104265,0.9601226993865031,0.9873817034700315,0.973561430793157,0.19924098671726756
4,0.1125004103683856,0.9813084112149533,0.9888888888888889,0.987597911227154,0.9882429784454605,0.971336679096148,0.31360152383198103,0.9407582938388626,0.9294117647058824,0.9968454258675079,0.9619482496194824,0.19924098671726756
5,0.08847812508249332,0.9844236760124611,0.988296488946684,0.9921671018276762,0.990228013029316,0.9759324208369087,0.43680200405431013,0.9170616113744076,0.9028571428571428,0.9968454258675079,0.9475262368815592,0.19924098671726756
6,0.05947047327514564,0.9922118380062306,0.9960758665794637,0.9941253263707572,0.9950996406403136,0.9880681515464527,0.35091605830585343,0.9360189573459715,0.9239766081871345,0.9968454258675079,0.9590288315629742,0.19924098671726756
7,0.04438592779383267,0.995846313603323,0.9967405475880052,0.9980417754569191,0.9973907371167645,0.9936063100342092,0.24149717505876708,0.9620853080568721,0.9659442724458205,0.9842271293375394,0.975,0.19924098671726756
