Epoch,Train Loss,Train Acc,Val Loss,Val Acc,Precision,Recall,F1
1,0.5198473746840951,0.867601246105919,0.38533962203710564,0.8981042654028436,0.9202453987730062,0.9463722397476341,0.9331259720062208
2,0.22598858618661993,0.9517133956386293,0.271367972690206,0.9478672985781991,0.9483282674772037,0.9842271293375394,0.9659442724458205
3,0.1628203076056107,0.9683281412253375,0.23661555985421365,0.9549763033175356,0.9542682926829268,0.9873817034700315,0.9705426356589147
4,0.10945210151610314,0.9833852544132918,0.4119386841891713,0.9170616113744076,0.9051724137931034,0.9936908517350158,0.9473684210526315
5,0.06340613558662132,0.9927310488058152,0.2860665247307746,0.943127962085308,0.9425981873111783,0.9842271293375394,0.9629629629629629
6,0.05097868221957983,0.994288681204569,0.2627977933922244,0.957345971563981,0.9686520376175548,0.9747634069400631,0.9716981132075472
7,0.05201545671046337,0.9932502596053998,0.24018975892611802,0.9549763033175356,0.9627329192546584,0.9779179810725552,0.9702660406885759
